Acurácia,Recall,Precisão,F1,Kappa,Acurácia Balanceada
KNN,1.0,1.0,1.0,1.0,1.0,1.0
Gauss,0.9473684210526315,0.9473684210526315,0.9458874458874459,0.9473684210526315,0.9206680584551148,0.9458874458874459
Tree,1.0,1.0,1.0,1.0,1.0,1.0
SVM,0.9473684210526315,0.9473684210526315,0.9555555555555556,0.9468557758031441,0.9208333333333334,0.9444444444444445
KNNSELECT,1.0,1.0,1.0,1.0,1.0,1.0
GaussSELECT,0.9473684210526315,0.9473684210526315,0.9440559440559442,0.9473684210526315,0.9206680584551148,0.9440559440559442
TreeSELECT,0.9473684210526315,0.9473684210526315,0.9500891265597149,0.9473684210526315,0.9186295503211992,0.9500891265597149
SVMSELECT,0.9473684210526315,0.9473684210526315,0.9555555555555556,0.947223828802776,0.9208333333333334,0.9523809523809524
